userName,content,score,at
Ditxzzx,aplikasi ini bagus untuk mempercepat koneksi internet namun ada sedikit kesalahan yaitu sinyal bagus hanya 1 hari sekali kalau lebih dari 1 kali sinyal menjadi jelek jadi saya kasih bintang 4 karena kurang kekuatan sinyal ,4,2024-06-14 15:53:48
Gugun Bae,"good berkat aplikasi ini lancar anda belum tau semua tentang aplikasi ini,kalian beruntung aplikasi grtiss ini bisa latar belakang di youtube dan layar jernih kualitas tinggi pun bisa sampai 1080 tanpa premium puas sekali... ...?aktif kan aplikasi turbo.a pencet tombol wortel..!!pertahankan aplikasi ini yang sangat mengerti keadaan tentang uang tidak memboroskan usaha kita !! semoga sukses",5,2024-05-27 09:50:03
Dalla Cell,"tolong tingkat kn lagi ...,kadang lambat dan lelet juga...saya jadih bintang 4 dulu ya,,,apa bila nanti kedepanya kinerja nya lebih baik lagi ,maka akan saya tambah. ,tapu untuk sa,aini lumayan lah aplikasi ini...",4,2024-06-14 00:18:49
Muhammad Yusuf,"bagus dan top lah aplikasinya.... tapi tolong tingkatkan kecepatannya, kadang lemot sekali juga suka gagal dan di ulang lagi... padahal kuota masih ada dan signal bagus.. itu saja terima kasih... sukses selalu ",5,2024-05-15 15:28:21
Didi Keling,apk nya parah banget... udah lemot.. download yg 3 jam video pas mau selesai tingal bentar lagi tiba2 tidak ada jaringan ilang download an nya...malah masuk ke pemutar musik video nya.,1,2024-06-08 09:45:39
Ì‡Bill-SKEEPAASS,"gara-gara aplikasi ini, wifi-nya jadi lemot. terus mau matiin vpn aja harus pake iklan , ribet. walaupun udah dimatiin masih lelet wifinya",3,2024-05-29 00:52:19
Gui Li (Tuan muda Gu),"setelah sering menggunakan vpn.. jaringan dari kartu/ponsel normal juga jadi lag.. entah karena virus, atau karena apa..? yg pasti, jika hp di reaset.. jaringan kartu/hp kembali normal dan bagus.. apakah apk vpn ini mengandung semacam virus yg mengakibatkan kartu/hp jadi lag?? bukan sekali 2 kali saya seperti ini.. tpi sudah sering..",3,2024-05-27 01:47:23
Fandhy Alexandria,"bermanfaat bgt hampir sempurna buka web porno di blokir, cmn 2 yg kurang aplikasi nya suka ngilang sendiri terus gk free harus bayar, mahal lagi kalo mau berlangganan, itu aja sih, kalo bisa harga berlangganan nya di murah kan, thanks",4,2024-04-30 04:37:18
Adis Patimah,"mohon kerjasamanya kucoba dulu jika bagus akan ku tambah bintangmu. semoga kamu bukan apk vpn yang buruk, jaringan penipu ia yang suka lelet sinyal,banyak sarat persaratan juga iklan cengkonekmu, terimaksi",3,2024-06-14 07:57:41
Raden Rizky,nyesel download. buang buang kuota aja. gak ngaruh. malah makin lambat. berbayar banyak iklan. iklannya lama pula. kalau mau turun of aplikasinya harus nonton iklan yang lamanya gak karuan. nunggu tombol x nya juga lama. gak faedah.,1,2024-05-04 11:31:00
Nuib rully,"developer tolong kembalikan uang saya, apk tidak berjalan seperti semestinya, sudah sya unistal sejak 1 bulan yg lalu, knpa tiba2 saldo emoney sya terpotong, tolong kembalikan.",1,2024-06-06 03:33:17
Raudatus Syifa,"sangat berguna buat masuk ke situs yang susah di akses atau suka error.iklan nya juga gak terasa banyak banget, tiap kali main paling cuman ada 2-3 iklan yang muncul.durasi iklannya juga kerasa wajar,jadi intinya ini tuh aplikasi yang bagus((o(*>Ï‰<*)o))",5,2024-03-20 16:39:28
arif timbul,"yaelah... baru juga 4 hari pembaruan,udah pembaruan lagi. mana masalahnya tetep sama lagi,sinyal jaringan yang tadinya bagus malah jadi drop setelah buka vpn,buka google aja loading lama. padahal dulu aplikasi ini bagus,sinyal jelek karena hujan pake vpn ini bisa tembus 2mbps, kenapa sekarang jadi gini sih? udah yang merasa ada masalah sama hapus aja aplikasi ini. buat yang mau download mending nggak usah daripada kecewa kayak aku",1,2024-05-14 23:34:45
Rian Renaldi,"terimakasih sangat bagus untuk trial 7 hari ini aplikasi nya, tidak ada bug ataupun error. kecepatan download seperti tidak memakai vpn, goodjob lah turbo vpn sesuai nama nya ngebut",5,2024-05-04 06:21:34
Color hejo,"bagus banget bisa bikin efek demeg ff jadi clasic/merah, tapi tolong developer efek demeg ff nya, permanenin dongg!!! biar ga harus aktifin lagi kalo mau main, semoga aja ada update baru biar bisa permanen, gitu doang sih, bagusss pokoknya, wajib cobaaa... ",4,2024-05-04 21:23:36
Muhammad Nawab,"jaringan nya bagus cuman pemakaian tidak terlalu lama, saya sudah mengeluh tentang ini dan solusi dari kalian adalah mengganti server, bahkan ketika saya mengganti server jaring nya tidak bertahan dari 1 menit tolong di perbaiki lagi servernya ",3,2024-05-18 01:49:17
Said Said,aplikasi ini sangat bagus tapi tolong hilang kan metode pembayaran karena saya gk ngerti setiap mau ganti server luar selalu muncul metode pembayaran dan ribet dan aplikasi ini agk ribet juga tapi saya coba terus saya berhasil dan aplikasi ini sangat bagus jadi saya kasih bintang 4.saja,4,2024-04-30 20:45:25
HJC 369,"vpn yg sangat menjengkelkan, bentar"" iklan, udah gt iklannya lama bikin lemot.. pokoknya apk ini sangat memuak kan, anda pasti emosi disaat hal penting justru lelet dampak iklan yg muncul setiap menit",1,2024-04-27 23:28:06
Rudi Anto,"saya sangat suka aplikasi ini, karna mampu mebuka situs yang telah di blokir, saya merasa sangat terbantu, terima makasih aplikasi turbo vpn, krna adanya kamu saya sudah legah dan puas, krena bgitu sering saya membukamu, akhirnya hasrat saya tercurahkan   ",5,2024-05-16 06:54:20
Jstn Alex,"vpn nya gokil buat masuk server game, apalagi pubg, codm, lancarr, tapi kadang emang suka lag sendiri servernya jadi gak contact ke hp, cuma ini udh bagus untuk vpn,kalau donwload vidio yt atau vidio lain tu kadang lemot, pas pake vpn udh mencepat, vpn ini andalan sih asal ga dipake liat yang aneh aneh y bang",5,2024-04-21 20:07:37
Rei muhammad Ram,"sangat membantu boss q.. klo bisa aplikasi ini perlengkapan dengan free wal pepper,dengan anti sadap,hackers,dan bisa membersihkan handphone dari virus. pasti semakin kren..",5,2024-04-15 09:33:26
dede fika,"iklan bejibun banget, sering lambat koneksinya, jadi terpakasa sering perbaiki, jadi deh sering nonton iklan mulu.",1,2024-05-21 17:02:05
ipan Karisman,apk nya lumayan bagus iklan nya juga gk terlalu banya.... tingkatkan terus ya kedepan nya agar lebih bagus lagi,4,2024-05-26 21:02:07
Junior P. Siahaan,agar di tingkatkan lagi kecepatan dan akurasi nya..untuk kenyamanan pengguna dpt lbh negara sehingga banyak menikmati situs2 lain yg terblokir...,5,2024-05-13 04:51:44
agus darmawan,"dikerjain indosat gak bisa ngakses situs techpowerup, aku kira web nya down. pake aplikasi ini tembus, beres bisa akses alamat web nya.",5,2024-06-12 22:37:59
Isron Tobing,ngikut aja lah tnpa basabasi kasih bintang full aja dulu.klo gk fungsi dn gk sesuai fungsi tinggal hapus aja soal nya baru mau coba ini apk.trimakasih yg sudah berkarya,5,2024-06-14 11:17:46
Amina,"aplikasi ini sangat bagus sekali untuk dipakai, dan bisa jga dijadikn tameng untuk android yg sy pakai.",5,2024-06-14 02:11:19
Mufit,"biasanya saya buka aplikasi sangat lelet, susah. semenjak pakai turbo vpn semakin mudah dan cepat",5,2024-04-29 11:30:56
Ramdan Gunawan,"penipuan, jelas tertulis uji coba gratis dalam 7 hari dan ternyata saldo saya terpotong tiba tiba, saat ingin melakukan refund ke pihak google juga tidak di setujui hadeh aplikasi kontolllll",1,2024-04-13 18:00:20
Budi Bassis,"top markotop pkoknya aplikasi ini, iklan cuma sedikit, tidak ada kendala !! ayo acungkan jari untuk aplikasi turbo vpn.",5,2024-05-13 12:20:44
Bit Lagat,"bagus sih...tapi terlalu banyak iklannya,klo bisa hilangkan iklannya itu aja",2,2024-06-06 21:42:29
Jaya Komang,"sangat bagus lah,,, tapi kalau berlangganan jangan terlalu mahal lah, kalau bisa di kurangin.. pokok ya bagus lah aplikasinya",5,2024-04-28 01:08:39
Ramly Manullang,sangat sangat membantu untuk yg susah untuk diakses .tp iklan nya menyusahkan bosku..mohon dihilangkan iklannya,5,2024-05-03 20:39:21
Nova Ardiansyah,"tdk ada daftar akun, tdk punya akun, tiba2 saldo gopay terpotong otomatis hampir 200rb. trs yg premium/platinum akun siapa?",1,2024-05-10 08:28:09
Pardede renaldo,"aku kasih bintang empat karena kadang bagus kadang jelek jadi sory y klo di pakek selalu bagus y aku tambahin deh 1 lagi , tapi aku juga merasa senang karena aplikasi nya agak berguna walaupun tidak berfaedah makasih.",4,2024-05-17 17:46:33
Amir Ullha,apknya bagus dan sangat memuaskan bagi saya & satu permintaan saya tolong iklannya dihilangkan..!!!! terimakasih,5,2024-05-12 13:12:20
Bahktiar Tiar,"ini apl yg sangat bagus dan memuaskan, jadi tolong diperbaharui lagi biar tambah mantap dari apl yg lain nya y bosqu???!",5,2024-06-04 23:57:20
Ujang Warsa,baru mau coba belum tau hasil nya kasi 3 bintang dulu kalau bagus sayah kasih pul,3,2024-06-15 14:25:04
Zoel Aziz,"keren lah, tapi iklan nya bro panjang x durasinya",5,2024-06-16 15:04:18
daeng suriansyah,mantap cepat dan mudah digunakan dan mudah buka situs web yang di blokir,5,2024-06-14 15:11:59
Fauzi Ramadhan,vpn ny sangat berguna sekali.....situs yg terblokir auto bisa di buka...mantap lah pokoknya vpn nya....buat kalian download vpn ini di jamin gk nyesal...,5,2024-06-13 06:46:45
Dhen Prakoso,terlalu banyak iklan dan setiap penggunaan selalu diklik berulang ulang sampai berhasil,1,2024-05-31 22:38:23
Dkk Thulenz,"aplikasi nya emang paling baik, bisa masuk ke server luar waktu gua main ml saja musuh nya pada jadi bot semua haha?",5,2024-05-06 04:59:56
Maria Fransiska,sering terputus sendiri dan kadang-kadang internat gua sinyalnya 8mb tapi ketika memakai vpn tiba-tiba drop menjadi di bawah 1mb,3,2024-05-04 23:36:40
Hefri Hendra,iklannya terlalu banayak dan jaringan nya lemot bangeetttttt. tolong perbaiki lagi kedepannya.,2,2024-05-11 14:15:56
Fdenthe VansZz,"sangat membantu saya membuka suatu link untuk download dan upload file yang terbatas pada sistem websitenya.. sayangnya iklannya banyak, kalau ingin tidak ada iklannya.. saya harus dikenakan biaya per/bulan.. saran dari saya jika pengguna baru download situs turbo vpn bebas iklan.. jika bagi pengguna situs ini, lebih dari sebulan tidak merasa keberatan ada iklannya.. karena saya download turbo vpn sudah dikenakan biaya. semoga semakin banyak menggunakan turbo vpn tanpa iklan.. #fnxedws",5,2024-01-05 02:59:03
Arys Prabowo,"sangat membantu,, walaupun ada sedikit iklan yg mengganggu. ya kalau tidak mau ada iklan harus berbayar. tapi saya suka dengan aplikasi ini. bisa di gunakan walaupun gratisan, tapi harus melihat iklan untuk bayarannya. wkwkwk",5,2024-01-05 21:25:14
Vintage Channel,"gila ini vpn bener2 bisa ngebantu sinyal lemot internetan . pertahankan kualitas dn jgn pake premium berbayar , biar tambah laris yg donlod , rakyat kecil bisa ikut menggunakan apk ini . trims",5,2024-04-28 16:57:56
andika darmawan,"sangat bagus, saya suka aplikasi nya tapi kalau bisa kurangi kemunculan iklan nya",5,2024-06-04 07:19:53
Haga Junio Ginting,"apk nya keren! saya mencoba untuk membuat akun free fire server thailand, dan berhasil, terimakasih turbo vpn",5,2024-06-11 08:17:55
Muhammad Khadafy,"aplikasi ini bagus, tapi harus di tingkat kan ya bos, agar lebih cepat lagi.",5,2024-06-03 17:46:57
Worship Pattikawa,bagus sekali membuat hp kalian cepat dan bisa bermain game yang ramnya besar jadi gak ngelag,5,2024-06-05 07:15:41
Asrul Arul (Asrul),sangat bagus kita bisa pilih video yang ingin kita nonton dan memilih negara,5,2024-05-31 04:51:26
Nur Aeni,mantap pokoknya tapi tolong tingkat kan lagi suka terkadang menghubungkan ulang si,5,2024-06-04 01:17:39
Dedek Sohendra,ini aplikasi apa sih udh di premium kan eh kok gk ada pencarian diam aja kelinci nya sangat tidak perempatan bintang ,1,2024-06-03 13:33:57
Ando Yanuar,kadang masih lemot. iklan premiumnya bahaya sering muncul. takut kepencet terus nyedot.,5,2024-06-08 07:15:56
Eni Hayani,mantap pokok nya tapi tolong di perbaiki bebe rapa bug nya,5,2024-06-11 12:21:49
Hendry Alhidayah,semoga sesuai dengan harapan saya..speed yang kencang dan bebas berselancar di seluruh dunia..,5,2024-05-30 06:49:18
Alfian Ahmad,sangat bagus ..cuma kadang jdi lemot banget..tolong di tingkatkan lg..,5,2024-06-03 11:24:38
Dwi Kurniawan,"speed kencang pertahanan terus ya, iklan dikit gpp maklum lah",5,2024-06-11 09:43:23
Septa Ney,untuk skarang ini sih apk pvn yg paling baik smoga ttap bertahan aja kecepatan nya bila2 nanti di update,5,2024-06-16 11:52:23
Neng Sih,aplikasinya ok...kalo bisa kurangin iklannya,5,2024-06-12 15:36:55
SEDULUR TUNGGAL KECER,sementara ini dulu kalau jaringan lebih stabil nanti ditambahin,4,2024-06-11 06:38:47
Iqbal Fauzi,"apk nya klo menurut saya si bagus, puas lah puas banget, mantap",5,2024-06-12 03:22:54
Nayla Intan,sangat. mm batu untuk aplikasi i terimalah kasih atas waktu dan tempat 6:30,5,2024-06-16 00:09:14
Basori Imam,god job...klo bisa bertahan dg iklan dan hasil tak banyak yg penting pengguna betah .dan rezeki mengalir...mantap ...,5,2024-06-05 12:10:44
Love Self,cepat gampang error ..kurang di rombak lagi apk biar bisa akses lebih cepat,3,2024-05-28 00:35:45
Zainal Silaen,terlalu bayak iklan apabila mengunakan atau sesudah di gunakan aplikasi ini bayak iklan yah. harap di perbaik,2,2024-05-14 23:07:55
Lestiyono Nugroho,"lebih baik dari versi sebelumnya, it's okey banyak iklan, asal jangan tiba"" putus koneksi, tp sejauh ini bagus lah performanya,",5,2024-04-14 00:20:17
Nafisah fisah,"recoment banget buat yg susah di jangkau .. tapi kenapa yah , kadang signal nya ilang2_an terus jadii buffring ilang sendirii gambar nya ",5,2024-05-21 01:57:24
Syukri Syukri,"mantap and tambah lagi dong,,tpi sedikit ngelek jaringannya",5,2024-06-11 01:10:20
Hambali,saya beri bintang 5 karna aplikasinya sangat bagus cepat dan terpercaya mampu membuka situs anti blockir,5,2024-06-03 06:08:36
Prhunk,"kebanyakan iklan. mana durasi nya panjang, coba di diskusikan lagi dgn tim.",2,2024-06-03 06:01:48
Sofia Ofi,aplikasinya. bagus sangat menunjang kalau dipakai diluar negri,5,2024-06-14 07:39:59
JIHAN MOHAMMAD JIHAN,aplikasi ini sgt membantu anak rantau . untuk selalu silaturahmi dari jauh . bila rindu sm org tua kami bisa vidio coll pake aplikasi ini,5,2024-06-16 11:55:20
Parah Wahidin,ni apk untuk gratisan aj dah bagus apalagi premium ny. pokok ny oke lah mudah2han semangkit jd yng terdepan. trimakasih.....,5,2024-04-11 01:10:22
Riyan Ahmad,"bagus sekali, cuman iklannya aja mohon dikurangi",5,2024-06-02 17:20:08
Rivan Pantomi,"maaf cuma bintang 4. tolong untuk iklannya klo bisa di ilangin atau stidaknya di kurangin,sya sangat terganggu dengan tersebut.",4,2024-04-29 18:18:24
Saepul Alam,saya belum sempat menggunakan vpn ini langsung saya uninstall lagi.. tapi 2bulan terakhir ini sudah saya mengalami pemotongan dana sebesar 180.000 rupiah tanpa adanya konfirmasi dari saya.. langsung kena potongan.. tolong bantu saya untuk pengembalian dana saya,5,2024-05-18 17:30:17
Seni Syahfitri,suka sih sama aplikasi ini tpi terkadang sering terputus sendiri koneksi ny tolong ya kepada admin aplikasi ini segera di perbaiki ,5,2024-05-19 23:51:17
harmoko Lubis,"saya suka aplikasi ini karena sangat membantu buat membuka aplikasi yang sudah di blokir selama ini dan saya sangat senang dengan adanya aplikasi ini karena sangat membuat saya tidak susah paya lagi mencari tahu aplikasi yang lainnya karena sangat menggangu waktu saya mencari aplikasi yg gak berfungsi dengan adanya aplikasi yang lainnya, cuma aplikasi ini yang membuat saya merasa nyaman dan aman sampai berjam-jam lamanya saya tidak merasakan bosan dengan adanya aplikasi ini terimakasih atas ini",5,2024-05-25 21:49:48
Lukman hakim,"kadang sering keputusi konek kan,tpi gk masalah lumayan bagus.",3,2024-06-08 15:34:52
eti joni,sangat berguna apk ini mantap mudah dan cepat,5,2024-06-04 20:37:55
Armansa Arman,"aku kasih bintang full ajah soalnya aku baru download aplikasi ini tanksmantap aplikasinya, aplikasi ini keren dan bisa membuka situs yang di blokir thanks sudah lama saya pakai aplikasi ini joss mantap dan bisa membuka situs yang di blokir di internet keren aplikasi ini",5,2024-05-11 14:51:17
Deni Hamzan,mantap banget sinyal saya auto lancar ngk ada yang ke blokir lagi,5,2024-06-02 00:01:12
Danil Doli,"lumayan bagus, cuma iklan nya sekebon banyak banget dan lama banget berasa nonton youtube padahal nonton iklan",2,2024-05-26 18:35:14
Sofyan Hadi,terlalu banyak iklan dan sinyal sering hilang,4,2024-06-06 07:26:55
Iyeh Wae,kenapa yah kalo lagi di pake tuh kadang2 suka ilang tiba2 jaringan nya. waktu awal mh enggak ko bagus2 aja,5,2024-05-12 18:33:37
Vie Boy,aplikasinya bagus tapi kenapa kalo mendownload tidak bisa..jg tolong iklannya di kurangi..,4,2024-05-15 20:34:51
Mas Deny,"alpikasi turbo vpn sangat bagus,cmn kenapa kalao tdk d gunakan aplikasinya secara tdk langsung off dgn sendirinya mohon d tingkatkan lagi masa aktifnya d pakek atau tdk selalu oflen dong",5,2024-04-25 19:23:52
Ardiansyah Dicky,"bagus si, tapi agak sedikit lag jaringannya",5,2024-06-10 22:46:13
Syafrul Chan,ok tolong tingkatkan lagi kecepatannya dan jgn banyak x iklan,5,2024-05-31 21:29:12
Wira Zizo Gladi,"kenapa dia gak hilang dari status bar ya?? mana tulisannya gak enak lagi *terjadi kesalahan perangkat ketuk untuk menyambung kembali* disuruh nyambung, iklan, matikan, iklan dan balik lihat status bar masih aja suruh nyambung lagi dan iklannya rajin banget, untuk keuntungan pembikinnya.",1,2024-02-24 18:21:40
Fachrul Ariuz,"utk sementara ini, is the best, blom tau kedepannya.. semoga terus dan terus kian cepat turbo nya.",5,2024-05-17 22:40:15
Scrawler Cloth,"overall oludah oke, cuma kadang"" jaringan suka tiba"" down.. tolong diperbaiki lagi agar jatingan tetap stabil ",5,2024-05-27 06:37:42
Tika Ratna,"sejak di update aplikasi setiap di aktifkan dalam 15 detik selalu mati sendiri, ribet kalau harus on 15 detik off",2,2024-05-17 14:35:30
Abed Nego,knp premium semua ya saya akses indo kok gak bisa knp ini apk kok sampah bgt saya masuk ke indonesia malah suruh premium dulu baru kalo mau cari cuan jgn gitu jugalah kami org miskin kasihan,1,2024-05-25 20:45:57
Micky Project,"apk vpn nya bagus banget tapi kadang klo lagi asyik nonton,suka mati sendiri.. devloper tolong diperbaiki",4,2024-05-25 13:06:38
Ida Rosida,"makin lama makin gaenak di pake, awal awal si performa lancar, tpi lama kelamaan tiba tiba vpn ny mati sndri, kalo mati stlh 2/3 jam digunakan sih ok, lah ini baru bbrp menit apk nya putus sambungan, apa apaan si",3,2024-04-14 13:00:19
Regi Auryl,"asli,mantap banget buat para yang pengen jaringannya cepet,bisa pake aplikasi ini,sumpah tadi awalnya download vidio 200mb an itu kecepatannya 1.4mb/s,setelah pake ini,wah jujur sih rill banget loh rek,langsung 25mb/s ke atas,ku harap kedepannya lebih cepat lagi jaringannya,pokoknya the best la no debat ini apk",5,2024-04-05 01:53:16
9B11-BHIRENDRA MAHIJA HILMI,"membantu banget nih aplikasi kalo buat masuk web yang banyak iklannya, dipencet dikit pindah tab ke iklan judi ",5,2024-05-12 14:26:09
Ø³ÙˆØ±ÙŠØ§ Ø¯Ø±Ù…Ø§,"apk.a ud bagus sih. cuma iklan.a banyak kali, mungkin klo tidak ada iklan.a apk.a bagus dan enk dan cepat jg. min mungkin bisa di hilangkan iklan.a biar apk.a enk.",4,2024-03-29 08:10:40
Roni Ak,"agak diperbaiki, sinyal nya masih ngelek utk hdi",5,2024-06-11 23:09:56
B. Jaja Zubarza,sering keluar mulu kenapa si. gak kaya dulu bagus. kalau udah bagus gak usah di kotak katik udah bagus sob yg dulu,4,2024-05-21 23:16:48
Jaja Subagja,bintang5pasti dong selama saya menggunakan vpn turbo sangat memuaskan recommended banget buat kalian2 yang butuh aplikasi vpn ya vpn turbo best lah dan sampai skrg msh terbaik mudah dan ga sulit terus jaga dan tingkatkan pengalaman sampai skrng makin baik coba kalian buktikan lalu bedakan dngn yg lain,5,2024-03-20 01:37:41
Trina Wati,aplikasi pelengkap uc browser ini memang sangat bagus dan sangat cepat untuk mengunduh jos anti lelet,5,2024-04-10 12:05:12
Muhammad Sardi,kecepatan jaringan ok... cuman kadang sering tiba2 loading pas sdang d aktif kan,3,2024-05-20 04:01:59
RayHan Nata Al-fatih (Rayhan Azizir Rhohim),"saya tiba"" berlangganan dan saldo dana saya terpotong mohon infonya refund saya tidak memakai ini terimakasih !!!! mohon refund saldo saya !",1,2024-06-16 10:02:30
Septri Ronaldo,aplikasi bagus cuma iklan lama dan setiap gunakan harus ada iklan,4,2024-06-01 08:27:53
Blaut 000,"lumayanlah,cuma gitu suka kadang"" ngelag dan iklannya tolong di apus ajh bikin ribet terlalu kebanyakan iklanya.",4,2024-05-29 19:41:43
Wisnu Saputra,nih kenapa vpnnya gagal terhubung padahal kemaren kemarin gk da msalah tolong di perbaiki secepatnya,5,2024-06-12 23:07:06
Teddy Abdee,"baik,....... dan sangat membantu...... tapi masih lemot,......... semoga secepatnya di perbaiki.. ........ terima kasih..........",4,2024-05-26 12:11:18
Edi Saburai,aplikasinya sangat mantap...tp perlu di perbaiki lg.kdang suka lemot juga.,5,2024-05-21 19:56:32
Sheva fadli,apk bagus cuma yang untuk indonesia harus premium terus wilayahnya cuma ada dua itu aja selebihnya bagus,4,2024-04-15 08:22:29
Mira Rahayu,bagus banget harga nya masih mahal bisa dikurangin lagi lebih bagus bos.,5,2024-05-25 00:29:56
romli achen,turbo vpn sangat membantu untuk jelajah di akun luar...terima kasih vpn selalu jaya kedepannya.,5,2024-05-20 10:21:36
Qiyuuma,"aplikasi vpn terjelek yang pernah saya pakai, sudah 10x mencoba memakainya tetapi selalu gagal, mending uninstall aja",1,2024-05-27 09:20:27
Haris Zangdoe,aplikasi turbo pvn ini sangat bagus dan sangat membantu bagi saya untuk berselancar di dunia maya. ,5,2024-05-25 12:17:56
sugianto Sapuan,game sangat bagus cuma jaringan kadang-kadang leg mohon di perbaiki,5,2024-05-20 19:50:36
Sbr Cell,bagus tapi kalau bisa iklannya di kurangi biar gak menggangu..terima kasih,4,2024-05-18 21:10:52
randi ray,lengkap pastinya lancar mulus saat masuk internet serasa gak ada kendala ketika saat buka2 kesitus,3,2024-05-27 02:26:18
arif rachman,"bagus, tolong tingkatkan lagi menjadi yang terbaik untuk akses kecepatannya. terima kasih.",5,2024-05-24 06:01:00
Muhamad Arif,sangat baik. tapi terkadang koneksi sering terputus sendiri,5,2024-05-20 12:49:11
Welly Hendri,"hanya bintang yang dapat bicara, tingkat terus kualitas jaringannya",5,2024-05-18 22:16:39
Risty gumilang,vpn yang bagus walau ada iklannya tapi iklannya sedikit,5,2024-05-23 00:45:21
Najwa Aprilia,ya kata akw sih lumayan mmbnt tp ya gitulah sedikit ngelag bukan sedikit sihh tp buat jaringannya mohon donk di lancarkan dikit,4,2024-05-24 10:33:13
Erfan Setya Prihartanto,"oke sih..yang lain server singapura harus langganan,disini free pun ada walaupun yang no 2 harus langganan sih",4,2024-05-18 21:56:34
Gg Dd,saya tidak bisa membuka vpn ini slalu gagal padahal sy sdh beberapa kl mencoba ttap ngga bisa,1,2024-05-20 12:57:48
Abdul Rosid,sangat baguss apk nya bisa membuka situsÂ² yang tidak bisa di buka,5,2024-05-19 02:03:26
Ade Ijag,"sudah di coba dan hasilnya bagus, koneksi cepat..",5,2024-05-27 22:44:37
Arif Rianto,"dah bagus ,tolong ditingkatin lagi dan vpnnya banyak yg gratis ",5,2024-05-23 21:53:34
rafiq Syahputra,"wifi lancar, tapi selalu gagal tersambung!!",1,2024-05-28 01:17:42
forZ 4Z,sangat membantu membuat jaringan kita semakin lancar dan penggunaan yang sangat mudah recomend deh! ,5,2024-04-14 05:22:57
Idha Lianah,"sangat baik,tapi mohon iklan nya di hilangkan",5,2024-06-13 14:08:47
Muhammad Riki,"saya dari dulu senang pake alplikasi turbo vpn ini sampe sekarang, semoga makin sukses,",5,2024-06-16 12:12:42
Kadek Eka,"apk sampah jaringannya lemot terus iklan dimana mana, iya dimaklumi kok ada iklan tapi yoo jaringannya astaghh susah banget buat nonton live streaming aja cuma dapat kualitas mentok di 240p itupun kebanyakan mutar"" nya bahkan untuk kualitas 144p aja masih suka loading, dibandingkan dengan apk vpn lainnya yg wow luar biasa di pake nonton banget bisa tembus di 1080p lancar banget gak ada tuh masalah jaringan mutar"", nyesel banget download aplikasi vpn ini, sangat sangat tidak di rekomendasi",1,2024-03-17 20:26:21
someday_ endllezz,"mudah""n koneksi bisa lebih cpt dgn adanya vpn",5,2024-05-30 00:32:12
YULINX,update baru optimal koneksi cuman yaaa gimana yaaa koneksi bertambah buruk kecepatan mendownload dan meng-upload file itu kurang bisa di percaya menggunakan apk ini untuk hari ini sekian terimakasih aku ingin beralih ke apk lain ,1,2024-03-25 22:31:01
Nofindra Angkouw,"apk nya jelek banget, tiap main game malah nggk ke sambung, pas mati'in vpn nya baru bisa ke sambung",1,2024-05-11 07:27:11
Yuniasih estania Aryati,baru mencoba mudah2 an cepat dan lancar.,4,2024-05-31 16:26:36
Coli Colikiawan,apaan buat main ml makin jelek main game lain sama aja masih bagus kagak pakai ni aplikasi makin jelek jaringan buat main game kagak ada bagus2nya nggak lancar buruk tidak disarankan untuk yg main game hapus aja,1,2024-04-23 11:44:25
IM2 KA02 RHOSYD G.W.,"mantaf,sangat membantu buat perangkat yg lemot atau ga berjalan",5,2024-06-11 11:49:18
alwan sutanto,lumayan..iklan juga gak banyak..,5,2024-06-13 04:29:54
Andi Maruf,"bagus, nelpon wa antar negara jadi lancar pake ini. thank's",5,2024-06-04 10:33:30
Brantas 123,"mantap,,tpi kurang cepat perbaiki lagi ya,, pokoknya semua sudah oke,,best",5,2024-04-12 00:37:31
Diego Escobar,sangat membantu dalam madalah jaringan lemah.. dan mebuka situs terkunci. pokok nya good.,5,2024-04-19 02:47:30
Ganjar Manap,parah banget sinyal nya ga bisa cepat banget,1,2024-06-09 02:44:10
Ahmad Aris,vpn sangat bagus sekali tapi iklannya tolong jangan terlalu banyak sekali banyak makan kuota sukses selalu untuk kedepanya,5,2024-05-11 21:05:49
Steven Hamid,vpn terbaik. tidak membatasi speed internet seperti vpn sebelah. aplikasi ini sangat recommended. terimakasih.,5,2024-05-11 10:55:17
Yoga Andares,sangat bagus apk nya..karena dpt membantu membuka situs2 yg suka error..mantap,5,2024-05-10 15:44:08
Isyarangga Irdanny,"aplikasi yg lumayan buat bantu pengoptimalan browsing,tp masih harus ditingkatkan lagi",4,2024-04-26 08:15:05
fajri wahidin,sudah langganan premium di 30 april 2024 tapi baru 3 hari (3 mei 2024). akun menjadi tidak premium.,1,2024-05-03 19:42:13
Sonny Beroperay,"aplikasinya bagus dan lancar , malahan cepat lagi . pokoknya mantap brooooo",5,2024-04-26 07:16:16
Ronal Iswanto,"sangat terpercaya dan terbukti, jaringan lancar jga engk bnyk iklan... pokoknya good lah",4,2024-05-17 02:56:00
Fendy chang28,jjr awal ny bagus tapi smakin ke sini jlk bgt vpn ny suka keluar sendiri klo ngak keluar ya lelet beda sma awal di gunakan,1,2024-04-24 16:21:20
x._ syhrul,"sangat membantu sekali,kalo lagi download film di telegram gabisa/lemot pake ini langsung lancar",5,2024-04-23 14:49:19
Syahroni Armija (Roni poroik),sangat berguna buat masuk ke situs yg susah di akses.tapi kadang suka error.,5,2024-04-27 23:51:05
Fitri Yadi,sangat bagus..apk ringan jaringan cepat. gak terlalu banyak iklan..,5,2024-04-22 07:43:41
The Raka,"mantep lahhh... tapi kurang banyak sih kayaknya, mungkin karena saya tidak premium...heheh",4,2024-04-08 16:04:25
Bty,"iklannya sedikit dan tidak mengganggu saat digunakan,tidak terlalu lag ketika digunakan oke pokoknya â£¿â Ÿâ Ÿâ ›â ›â ‹â ‹â ›â¢¿â£¿â£¿â£¿â£¿â£¿â¡¿â ›â ™â ›â ›â ¿â¢¿â£¿ â£¿â¡â¢€â£´â£¾â£¿â£¾â£¦â£¤â¢€â£¹â£¿â£¿â£¿â ‹â¢€â£¤â£¶â£¶â£¤â£„â €â ™ â£¿â£¿â¡¿â£‹â£¡â£€â£€â£¤â£â£¦â£¿â£¿â£¿â¡‡â¢ â£†â£©â£„â£‰â£‰â ™â ƒâ € â£¿â£¿â£¿â£¿â£¿â£¿â£¿â£¿â£¿â£¿â£¿â£¿â£¿â£‡â €â£¿â£¿â£¿â£¿â£¿â£›â£¥â£¼ â£¿â£¿â£¿â£¿â£¿â£¿â£¿â£¿â£¿â£¿â£¿â£¿â£¿â£¿â£†â ™â£¿â£¿â£¿â£¿â£¿â£¿â£¿ â£¿â£¿â£¿â£¿â£¿â£¿â ¿â£¿â£¿â£¿â£¿â£¿â£¿â£¿â£¿â£¤â£¼â£¿â¡¿â¢¿â£¿â£¿â£¿ â£¿â£¿â£¿â£¿â¡â£µâ£¾â£¿â£Ÿâ£™â£‰â£‰â¢‹â ƒâ â ‰â ™â¢¿â£¿â£·â¡â¢»â£¿ â£¿â£¿â£¿â£¿â£¿â£¿â£¿â£¿â£¿â£¿â£¿â£¿â¡¿â£¿â ¿â ·â †â ˆâ¢»â£¿â£·â¢¼â£¿ â£¿â£¿â£¿â£¿â£¿â£¦â¡ˆâ¢€â£€â£„â£ â£„â£ â£„â£ â£€â£€â¡€â  â£¿â£¿â£¿â£¿ â£¿â£¿â£¿â£¿â£¿â£¿â£¿â£®â£â£›â£›â£›â£›â£›â£›â¡›â ‰â¢€â£¾â£¿â£¿â£¿â£¿ â£¿â£¿â£¿â£¿â£¿â£¿â£¿â£¿â£Ÿâ »â ¿â ¿â ¿â ¿â ¿â ‹â£ â£¿â£¿â£¿â£¿â£¿â£¿ â£¿â£¿â£¿â£¿â£¿â£¿â£¿â£¿â£¿â£¿â£¦â£¤â£¤â£´â£¶â£¿â£¿â£¿â£¿â£¿â£¿â£¿â£¿",5,2024-05-15 06:56:50
Andik Sanjaya,sangat bermanfaat sekali.. jaringan semakin josss anti lelet kalo pake apk ini,5,2024-05-17 22:01:20
Lukfi khalim Mustofa,turbo vpn sudah saya sering gunakan kenapa membuka situs video bokep asli indonesia tetap tidak bisa.,5,2024-04-27 00:16:18
Hamsih Said,jika ada hambatan jaringan baiknya gunakan vpn turbo pasti semua masalah teratasi,5,2024-04-19 20:28:55
afredo suganda,ko gk bisa terhubung min udh di utak atik tetep gk bisa udh di hapus download ulang ttp gk bisa,1,2024-04-21 17:12:46
Usman Blk,jaringanya agak sedikit lalot si tapi sudah bisa berguna lagi dengan baik tidak seperti dulu lagi,4,2024-04-26 22:22:11
Dhani Turama (P.tim22 Siercle pierce),"kalo bisa sih kasi yg yg lebih tinggi lagi jangkauan koneksi nya, biar bisa cari situs yg lebih bagus lagi",5,2024-05-03 12:46:47
Raizar,"lumayan cuy buat ke situs download musik y2mate,soalnya biasa kominfo ""internet baik"" ",5,2024-05-04 19:09:09
ilyas Fachruzi,sudah bagus tapi terkadang sinyalnya gak stabil mohon di perbaiki lagi,5,2024-05-06 12:27:17
Tri selviana Viaa,aplikasinya bagus dan sangat membantu untuk saya ygagak jauh dari sinyal wifi dirumah orang tua saya yg beda rumah,5,2024-04-27 23:11:39
Fabulous Management Channel,yang gratis pun koneksi nya cepat dan banyak server yang bisa di jangkau.,5,2024-05-17 21:41:50
Bena Reza,mantaaaap..benar benar turbo...semua sangat lancar...selebihnya biar bintang yang berbicara,5,2024-05-02 13:48:35
Doni Munandar,mantap cuman ada iklan tapi gak apaÂ² namanya juga geratis pokonya sangat baiik membantu segala ke inginkan,5,2024-05-01 23:01:35
Nando Amar Murizky,kualitas jaringan sangat sangat buruk. hampir tidak bisa digunakan!!!,1,2024-05-04 06:25:46
ZEN Reikky,sejauh ini sangat bagus. iklannya jg gk terlalu menganggu. the best lah pokoknya,5,2024-04-25 18:54:31
Ar zhaputra,"pokoknya keren nih app turbo vpn, sangat membantu disaat jaringan wifi terkendalaðŸ«°",5,2024-04-23 13:31:22
Melani Pujiastuti,"tolong perbaiki iklannya buat hp lemot udh gitu jaringannya jga lemot, tolong yaaa",2,2024-04-30 18:28:30
Hendry Akbar,sangat markotop kotop..lanjutkan dan tingkatkan sampai only you the best..,5,2024-05-16 11:55:47
Siti Ramna,kurangi iklannya dan semua sudah bagus kadang ada lemotnya jg sih,5,2024-04-28 23:12:43
Risal Muhammad,"apk nya katanya bisa buat ome tv tapi pas udah nyambung dan udah main ome tapi masih gabisa, indo semua",5,2024-04-30 13:22:52
Heru Y.p,bagus sekali link yg sudah di belokir bisa di buka kembali sangat membantu terimakasih turbo vpn,5,2024-04-16 13:21:43
Jhon Bolla,aplikasinya sangat bagus dan saya suka karena tidak macet berjalan dengan lancar pokoknya mantap,5,2024-04-22 18:59:19
Risman Risman Ode,sangat mantap. sya kasih bintang 5. tpi kadang lelet. semoga lebih di maksimalkan lagi,5,2024-04-22 12:16:39
Rajes Joko,"sangat memuaskan,tapi iklan nya tlong di kurangi",5,2024-05-13 15:26:03
Yogi Yogi,lumayan lah kenapa ada iklannya. kalo pas buka gak muncul iklan pasti saya kasih bintang 5,2,2024-05-05 23:09:12
Anggraini putri Wicasana,jaringannya lelet bintang 3 aja dlu...klo jaringan sinyal bagus pasti di jasih bintang 5,3,2024-04-15 22:57:10
Wiwik Nc,sumpah apl nya bagus banget vpn nya cepet dan lancar apa lagi yang premium,5,2024-05-15 20:59:37
Nero Chan,terimakasih. sangat membantu untuk menonton sepakbola tanpa harus berlangganan,5,2024-04-29 20:50:16
Abizar ilman faaz,pokonya top markotop sangat membantu untuk mendapatkan akses yang susah di akses,5,2024-05-03 14:57:40
Roni Susanto,sangat mmbantu untuk mmbuka aplikasi yang susah dibuka tolong ditingkatkan koneksinya mkaasihh,5,2024-05-17 19:00:01
Siti Aryati,"4 bintang dulu ya,soal nya baru nyoba tp sdh bagus nanti kalau tdk eror aku tambahin jadi 5 ,karna biasanya lm sedikit di instal lngsung eror",4,2024-04-12 18:44:51
Wiliam Gapleng,aplikasi ini sangat bagus.. sayangnya di sinyal.. agak lambat..,5,2024-04-13 01:30:46
Tengku Samer,saya kasih bintang 4 dulu.mudah2an turbo vpn untuk kedepannya makin lancar dan tidak lelet,4,2024-05-12 20:44:14
Safira Salma Putri,mantap.. jaringan super cepat. sangat mudah untuk di gunakan,5,2024-04-13 03:12:15
Juwandy Wijaya,apl turbo vpn cukup bagus seh menurut gw tapi kalau boleh kasih saran iklan nya sangat menggangu,5,2024-05-12 05:51:14
Musadlini Mardan,ane sudah pakai vpn sebelah..ttp juga tdak memuaskan.. tpi punya admin ane memuaskan dan membantu buat ane membaca komik..makasih admin atas kontribusinya :),5,2024-04-09 10:53:32
Lutfi Alfarizi,"apk nya lumayan bagus, top kembangkan terus,,, biar banyak yg suka,, ok trima kasih, semoga sukses",5,2024-04-12 11:25:31
Yon Benyon,ð’ðšð²ðš ð¬ð®ððšð¡ ð¦ðžð§ðœð¨ð›ðšð§ð²ðš ð¥ðšð¥ð® ð›ðžð«ð¡ðšð¬ð¢ð¥ ðð¢ ð£ðšð¦ð¢ð§ ð©ðšð¤ðž ðšð©ð¤ ð¢ð§ð¢ 100 ð©ðžð«ð¬ðžð§ ð›ðžð«ð¡ðšð¬ð¢ð¥,5,2024-04-21 23:34:38
Fitri Nurfadilah,"sangat membantu buat masuk situs yg susah diakses, mantap",5,2024-05-06 04:22:25
Darren Geraldi,sangat berguna untuk menambah kekuatan jaringan yang kurang lancar,5,2024-05-15 19:38:35
Triyono Pitex,"udah lumayan bagus ,tapi coba kurangi iklan yg durasinya lama",1,2024-04-12 18:28:16
Riyan Andryansyah,aplikasinya bagus engga ribet . kalo engga ada iklannya baru saya kasih bintang 5 .,3,2024-04-10 05:31:56
Lalu Gangge,maaf untuk pihak turbo vpn. anak saya salah menekan langganan sehingga dana saya terpakai untuk berlangganan di aplikasi turbo vpn. dan saya sudah membatalkan langganan nya. dan saya minta dari pihak aplikasi turbo vpn untuk mengembalikan dana saya. ,5,2024-04-11 19:16:54
Hadi Priyana,mantap .... tak ada hambatan yg berarti .... terima kasih buat pengembang nya ... sukses selalu.,5,2024-04-13 01:45:07
Indah Cell,"saat ini bagus, pertahankan saja cuma iklan nya di kurangi saja",5,2024-04-11 23:43:53
Eka Ayu,lumayan bagus sih.tapi kendalanya agak lemot ya.klau bisa di perbaiki sdkit lah.,4,2024-04-27 19:54:56
Laras Gemoy,sangatlah membantu tapi kadang koneksi terputus sendiri,5,2024-05-11 18:34:03
Abdul Hakim,"sangat berguna bagi para kreator, dalam penggunaan foto dan video sangat bagus",5,2024-04-23 08:58:31
Sriwijaya jaysri,sangat membantu setelah pakai apl ini cukup baik untuk kami lima bintang di tbahkan dan terimakasih,5,2024-05-08 00:48:46
Kpop Again,"banyak iklan, padahal butuh untuk ngakalin 1text",2,2024-05-11 16:09:45
Afrian Indrijanto,"aplikasi yamg cukup baik, cukup mudah penggunaannya, praktis n gak ribet...",5,2024-05-14 22:51:37
Stephen Gunawan,"menambah pengetahuan baru, memberikan situs yang hanya bisa diakses melalui server luar negeri",5,2024-05-05 23:19:02
Atep Purnama,bagus aplikasinya cepat bisa buka situs yg di blokir juga mantap pokonya,5,2024-05-06 01:39:01
Kenzie Deaneva,penggunaan nya simpel cepat dan lancar,5,2024-04-17 13:29:05
Yadi Kurniawan,pokonya cakep ga ada kendala iklan hanya sedikit.,5,2024-05-16 23:44:29
Fitriyanto Kurnia,"tolong diperbaikin vpn nya , biar tidak keluar keluar terus pas lagi main !!",5,2024-04-27 09:28:33
Diva Cell,"masi muda bukan nya pahala yg di banyak in malah dosa, ngomong"" aplikasi nya bagus aku kasi bintang 4 dulu ya",4,2024-04-30 16:13:20
Maria ulpah Ulpah,iklannya di hilangkan saja,5,2024-06-08 22:52:20
Sarpono ajah,bgs nich aplikasi tapi kadang lemot jg..bisa trs ditingkatkan kualitas nya,4,2024-06-14 08:14:10
Rumah telor 0921,"turbo vpn memang top banget,, jaringannya mulus...",5,2024-06-14 18:50:09
Marto1973ptn Ptn,aq sangat suka aplikasi ini tpi yg aq gk seneng jaringan nya sering hilang,5,2024-06-16 02:16:19
Sukarsim Skm,"mudah menjelajahi segala situs yg terblokir, dan sinyal menjadi lancar",5,2024-05-15 04:32:08
Harisman Adi Nugraha,sangat bermanfaat tapi tolong dikurangi iklan nya,5,2024-04-29 18:40:18
Bang Kholiq,"mantap... bukan luar biasa lagi ini, tapi sudah luar binasa dah...",5,2024-04-14 16:38:03
Noverman Laoly,bersifat baik dan aplikasi yg canggih dan cepat,5,2024-05-22 22:08:02
Azka Azka,super cepat sangat bermanfaat untuk membuka aplikasi atau situs yg terblokir,4,2024-05-22 02:41:06
Muhammad Yatim,"yg jls y.. turbo vpn......tetap oke....dan mantap"" .... smga aplikasi y lancar trs...",5,2024-05-19 03:47:39
selalu anjay,sinyal masih kurang bagus di beberapa negara,5,2024-06-04 01:57:30
Mochammad Thomas Sugimin,turbo vpn secure vp ini sanggatt bagus sekali untuk menambah pengetahuan ilmu yang sanggat berguna sekali,5,2024-06-06 18:04:20
Agus Saputra,aplikasi ini sangat cepat &mudah mencari videonya!!,5,2024-05-20 01:10:13
Sulaimansyah,"aplikasi nya lumayan, tapi agak lemot tolong di perbaiki",3,2024-05-17 01:33:41
Ziel Han,tidak bisa main game sangat buruk koneksi ny,2,2024-06-09 08:37:38
Tedy Ted,otomatis kan langsung aktif untuk saya terima kasih dari aplikasi ini,5,2024-06-14 12:52:53
King Turbo,aku tidak masalah dengan iklan tapi ini iklanya kebanyakan,2,2024-05-16 23:38:51
TIm Balu,"masalah nya suka putus2 sendiri vpn nya..!!20 menit jalan bagus, tiba2 minta ganti lokasi lagi. harus di ganti lagi lokasi atau perbaiki. jadi untuk sementara saya kasih 1 bintang saja dulu, nanti kalau sudah tidak lagi seperti begitu, baru saya kasih 5 bintang..!!",1,2024-03-04 06:43:44
AJI SANTOSA{31},"saya berkomentar tentang, vpn ini, sejak saya mts hingga saat ini vpn ini memang yang terbaik buat ++ juga bisa, dari tahun 2015 an saya pakai ini turbo vpn bagiku ini keren dan jika pengin luas pakai yang premium dan berlangganan, tapi saya memilih tidak, walaupun ada uji coba pokoknya keren untuk turbo vpn dan makasih",5,2024-01-28 17:24:58
Climiz '69,"koneksi cepat dan tanpa ribet.. masalah iklan itu wajar, namanya juga gratis, kalau mau tanpa iklan ya harus bayar... terimakasih banyak untuk aplikasinya boss... sukses terus...",5,2024-02-11 21:44:14
Heri Suseno,"saya tidak pernah berlangganan di aplikasi ini kenapa tiba tiba saldo dana saya kepotong,sudah itu no minalnya besar saya minta aplikasi ini bisa mengembalikan saldo dana saya yang berlangganan tidak sah.",1,2024-01-28 00:44:33
Sawa Danaraja,"nah ini sangat bagus karena bisa otomatis pilih lokasi peramban dan juga bisa full durasi nya, kalau vpn biasa itu maksimal 1 jam",5,2024-01-12 01:08:15
Yu da,banyak iklan+sinyalnya lemot. dh kayak dipaksa jadi premium,1,2024-04-13 21:44:19
jua saja20,"sangat menyenangkan web.situs semua yg tadi nya ga bisa di jangkau, sekarang sudah bisa, karna aku memakai aplikasi ini, kuharap perkembangan atau update buat selanjutnya di aplikasi ini, lebih bagus dan memudahkan untuk semua yg memakai nya. terus semangat kawan kerja  jangan putus asa kecil hati, yg disebabkan dari mulut mulut yg tdak pantas di dngar, maupun dari orngÂ² yg tidak kenal atau yg kenal, bahkan dri lingkungan sekitar anda, anda sendiri lah yg bisa nilai mna yg baik mulutnya",5,2024-02-12 11:10:17
Royyan Fikri,pertahankan ya bgusnya dan mohon selalu peningkatan kedepannya....,5,2024-04-22 19:41:49
Anton Bbh,sangat membantu dalam memenuhi dan memperkuat jaringan wifi,5,2024-05-30 18:25:15
Hangesa Eca,"sangat bagus,dari segi lancarnya kenceng tapi ada suatu masalah kadang iklan nya yang tiba tiba bikin eror,kalo kedepannya bisa diperbaiki saya kasih bintang lima",4,2024-02-19 18:43:02
Bhyntank chavalera,aplikasi yang bagus semua situs internet mudah terbuka dan lancar. tapi kalau bisa di perlancar lagi jaringannya.,5,2024-01-07 00:06:30
Sanny Machal,"sangat bagus, tapi kalau bisa tolong iklan nya dikurangi, karena sangat meganggu, lebih ditingkatkan lagi dan sukses,terimakasih.",4,2024-01-29 02:10:04
Zahrial Zhali,baik dan lancar.. semoga bisa ditambah dg fitur terjemahan sesuai keinginan negara pengguna / pengupload video... bokep barat nya di subtitle / diterjemahkan donk....,5,2024-01-14 04:39:06
Irwan septiawan Theaa,"sangat membantu membuka link yang d blok. sukses terus buat apk nya,,sekarang gbsa download d situs,,!! saya kurangin 1,,nnti klo sudah bsa download lg sya tmbh lg bntangnya. trims",4,2024-02-25 03:31:38
Virly Abs,"semoga, dengan menggunakan aplikasi turbo vpn dapat membantu saya untuk browsing dan selalu terjaga di setiap website yang saya kunjungi. amin. sukses selalu turbo vpn & turbo vpn lite",5,2024-02-01 01:04:07
Chimuts Muts,bagus bagus sih tpi msi butuh di agret. sya brikn 4 bntng dlu soal nya msi banyak lgi yg harus diperbaiki. sprti terputus nya koneksi dan msih agak lambat. iklan trllu banyak.,4,2024-03-02 02:02:20
Yohanis Giay,"bagus untuk buka arsip sejarah papua, yang disembunyikan indonesia, jadi kita harus menggunakan vpn, untuk melihat situs2 luar negeri yang merespon kondisi papua barat",5,2024-06-03 16:01:13
BENGKEL MOBIL OTOTA BULUKUMBA,sy merubah penilaian ke bintang  2 karna respon positif dari aplikasi ini. lain kali sy akan coba mendownload aplikasi ini untuk sy gunakan. trimaksih,2,2024-06-05 23:17:25
25. Nazwa Sabrina Lasantu,penipuan. saya coba free premium satu minggu tapi ketika saya batalkan sebelum jatuh tempo malah saldo e-wallet saya terpotong krn premium 1 bulan.,1,2024-03-23 23:46:59
Dewa Jefri,"buruk gak bisa di buka, koneksi lambat",1,2024-06-09 23:54:49
Agus Gunawan,lumayan walau kadang error' sedikit keluar sendiri nya,5,2024-04-28 17:28:34
Putri maghdlena,bagus cuma tolong agak dikurangi iklan nya,5,2024-06-07 08:34:37
Kulit 1978,bagus cuman terlalu banyak iklan nya,3,2024-05-10 17:47:36
Ari Anta,"maff saya buang bintang nya.. dan harus saya delete .. karna sanga membuat saya kesal... tiba2 koneksi nya di non aktif kan.. kalau setengah membuat apk, lebih baik ga usah buat apk kayak gini... ",1,2024-03-03 00:58:10
Putu Budi Arbawa,"sangat mudah dalam penggunaan ,iklan sedikit,recomended",5,2024-05-08 14:50:42
Umi Ade,"mantap mudah di gunakan,jaringan stabil,",5,2024-04-22 23:22:10
SAHABAT BOLANG,"ribet cara pemakaiannya,, banyak iklan",1,2024-05-30 18:05:37
Johan Akbar,"lengkap yang premium ny'a lebih lengkap fitur , . server nya : d , . makasih turbo vpn : d ",5,2024-05-14 13:37:41
Saripah Ipa,"setelah saya lebih teliti dan baca dengan benar ternyata aplikasi ini mengumpulkan banyak data dari pengguna apk ini, dan memberikannya kepada pihak ketiga,jadi teman teman kita harus bijak dalam menggunakan apk jangan langsung download saja",2,2024-01-04 00:34:34
putra zones,"oke sih,tapi masuknya susah banyak iklan",4,2024-05-13 23:17:55
Aris Wibowo,"sangat baguss, kualitass sinyal ok, rekomen banget",5,2024-06-11 22:26:00
Andi Sunendar,aplikasi ini punya performa bagus dengan koneksi yang baik,5,2024-06-09 22:24:25
Yani hery,bagus. kalau bisa penyedotan data nya agak dikurangi ya..,5,2024-05-13 20:25:48
Herman Tyre,"lebih banyak koneksi berbayar,semoga ke depannya bisa lebih baik lagi",5,2024-04-10 10:07:11
Alif Taufiqurrahman,mudah koneksi nya dan servernya banyak,5,2024-06-07 03:19:39
Fenty Koy,aplikasi ini sangat bagus untuk kamu yang ingin menggunakan kuota belajar menjadi kuota utama. cara menggunakan nya juga sangat gampang.,5,2024-03-31 19:43:14
Dhani Saputra,"mantap , tapi kadang sering gk nyambung. harus di ulang bbrapa kali",5,2024-04-27 01:45:17
Dodi Ibrohim,kacau sekali dengan banyak nya iklan,1,2024-06-02 15:57:31
Zach Kyuosha,vpn ini mmang sangat bagus sy sudah lama pakai ini mulai dr versi yg lama,5,2024-04-25 21:46:12
Ra Sum,bagus tidak terlau banyak iklan dan cepat.,5,2024-05-27 00:39:28
EDI HERLAN04 (EDDY),"mantap,ga nyesel douwload aplikasi ini dan iklan nya jarang",5,2024-04-29 23:38:52
Alkahfi Alikhan,sangat cepat sekali jaringanx. mantap. lanjutkan.,5,2024-04-17 23:18:53
Moris Maxed,"cepat, simple dan ga ribet",5,2024-06-06 19:14:05
Ranah Nurhayati,"paling suka, tingkatkan kecepatannya",5,2024-05-07 23:15:57
Yunie Aza,kadang lancar. kadang ngelek x..tp apa daya namanya jg gratis,5,2024-05-22 23:30:01
Raden Bagus,"mantap keren, tapi tolong jangan putus putus koneksi nya",5,2024-05-22 01:01:20
Rich Arka,"dengan aplikasi ini, saya bisa membuka dan mengunjungi website kesukaan saya... x... twitter... untuk lihat dan donwload video... motivasi di pagi hari dan p... pembelajaran biologi. sangat direkomendasi 5/5.",5,2024-02-02 20:09:31
Donaljabari Munthe,"bagus, dan efektif untuk oprasional",5,2024-05-30 08:12:44
Fahmi Muzakki,"apk nya mantap sih, bisa pindah server luar walaupun pake akun bot",5,2024-05-20 00:08:58
Galih Nuriyana,fk!! udh bayar langganan biar gaada iklan sama lebih kenceng. nyatanya slow speed mulu sampe disuruh ganti lokasi terus. gaada respon feedback pula,1,2024-05-21 06:43:30
Munir Je,wow. itu aja yg bisa gua komen. soalnya mantap bgt koneksi nya,5,2024-04-08 10:03:48
Pur Wanto,cepat ringan dan mantap(!),5,2024-06-16 04:25:26
Ezra David,"sangat membantu, tpi kurangi iklannya donk !!!",5,2024-05-18 22:14:44
Rico Manuel,aplikasi tdk terpakai hy iseng tapi uang di dana terpotong tanpa berlangganan akun aplikasi aja tdk ada .aplikasi seperti pencuri uang tanpa ada persetujuan uang i ambil tanpa ada konfirmasi aplikasi sesat .penipu,1,2024-05-25 18:48:59
Dika Dikapratama,kita cobak aj dlu.ap aklsi bertahan satu hari gitu.low bagus cok reting kitto fot di iklan kita..,5,2024-05-17 22:50:56
Andy Saputra123,turbo vpn parah koneksin cuma sebentar kuawalahan bulak balik buka jaringan vpn. mohon untuk yg punya appk ini tolong di perbaiki lagi supaya pengguna vpn lebih nyaman,1,2024-01-18 16:31:30
Sungkuh TATU,"bagus, meningkatkan kecepatan dan privasi yg bagus",4,2024-05-21 09:05:39
Reza Wiranata,"kok sial banget pake vpn ini ,sekali coba pake yg lain lancar,",1,2024-04-26 22:42:07
Diki Revando,ttp pertahan kan seperti ini. dan jangan berlebihan tentang iklan... seperti ini saja udh cukup...,5,2024-04-28 10:22:07
Musadi Mantis,sangat membantu.tapi tolong perbaiki lagi soal nya sering enggak bisa d buka,3,2024-05-13 04:26:45
Amin Aminin,mantab untuk turbo vpn apa yg kita inginkan selalu ada,5,2024-04-26 00:55:24
C. Nugraha,"luar biasa baiknya, semoga negara yg di pilih bisa mengjasilkan lebih banyak dan lebih besar penghasilan dari game, turbo vpn secure makin maju ya",5,2024-01-04 19:40:30
Om Bray,kalau sekarang aplikasi ini belum bisa saya buka untuk melihat apa isi yg terbaik di dalam nya. untuk sementara dgn rasa sedikit kecewa saya beri bintang 2 dulu,2,2024-03-01 10:35:26
HAFID SAPUTRA,lumayan cepat koneksi aman mantap pokoknya,5,2024-06-11 03:59:49
Dadi Karyadi,sanga tidak proposinal .sy tidak meggunakan vpn tpi saldo dana sy terpotong rp 220800.dengan alasan telah bertransasi dengan google,1,2024-05-11 11:30:35
Ahmad Rifai,dear developer innovative connecting. untuk aplikasi turbo vpn - secure vpn proxy sudah sangat bagus. tolong tambahkan lagi fitur yang berguna di aplikasi ini ,5,2023-12-24 02:33:50
Barkah Ajipurwono,aplikasi bagus ngga banyak iklan lagi,5,2024-05-22 07:40:48
Dede Winengsih,bagus bngt sangat membantu untuk kami yg bekerja di luar negri,5,2024-06-09 14:46:41
Adrian Andri,bagus dan ga ribet. freenya berjalan.semoga aman,5,2024-06-11 00:09:05
Elsye Amelia,"mantap, cukup mudah untuk pengoperasian nya",5,2024-05-04 01:04:49
shena,"sejauh ini si bagus, semoga seterusnya semakin bagus tanpa buffering . terima kasih",5,2024-04-30 10:50:49
Jaya Crp,aplikasi yang luar biasa sangat membantu main game dan nonton bola,5,2024-05-10 11:25:07
Bumdes Semarak,lumayan untuk daerah sinyal yg tidak stabil,5,2024-04-29 21:05:53
Imut Firza,sangat membantu buat akses dan sinyal bagus,5,2024-05-15 09:52:18
kiki dzikri,"mencoba dulu,.. mudah-mudahan aplikasinya bagus",5,2024-06-14 21:52:31
Atik Jazimah,"entah mengapa sekarang vpn ini berjalan dengan loading secepat siput, tidak bukan di app tapi di browser seperti google,aku sangat stress, tolong benarkan ini plz",2,2024-02-15 22:33:27
Ketut Juli,"saya suka dengan apk ini,,tapi perlu di tingkatkan kecepatannya",4,2024-05-21 01:54:57
Jack Amex,vpn yang sangat bagus untuk membantu segala app yang rumit,5,2024-06-13 18:07:40
mas bro,"mantap,cuma iklan nya terlalu banyak",5,2024-05-30 23:03:14
Nopran Aoyama,sangat membantu ketika ada kebutuhan yg bersipat privasi,5,2024-05-16 09:57:47
Arief cungkring,keren mantab dan cepat koneksinya,5,2024-04-29 23:32:33
IMAM pati50,masih bingung tapi y cukup bintang4 lah bagus.. sekarang sudah full 5 bintang,5,2024-06-06 01:22:50
Iwan 123,aplikasi nya lumayan bagus sangat membantu walaupun tiba tiba jaringan nya sedikit lelet tapi sangat membantu jadi saya kasih bintang 4 dulu,4,2024-03-01 22:51:53
Agus Santoso,cepat dan tidak lelet.mantap,5,2024-06-01 22:40:13
Gagal Tobat,"sudah bagus,tapi tolong di optimalkan lagi agar tidak menjadi terlalu berat saat membuka browser.",5,2024-03-14 00:11:57
sri sundari warsiti,"waktunya kurang lama. mati"" mulu koneksinya",5,2024-05-16 04:18:45
Nayla Putri,sangat guna dan bisa untuk mencari vidio apa saja,5,2024-04-23 03:33:43
Ahmad Yani,"aplikasi vpn ini yang paling bagus menurut saya, browsing internet lancar dan download juga cepat. two thumbs up for turbo vpn.",5,2024-03-12 12:24:32
Noval Hamdi,terkadang lemot terkadang cepat dan banyak iklan tapi untuk yang makai gratis dan tidak berlangganan seperti saya itu cukup bagus,4,2024-02-23 21:23:01
Muhamamad Firjiawan,"4 dulu ya , kalo emang terbukti kencang , stabil , hemat , dan tidak bermasalah koneksi nya , aku tambahin lagi .. ok ;)",4,2024-03-30 01:01:02
AAN ANDRYANTO,"lelet koneksi gk stabil,susah utk unduh",2,2024-05-14 15:18:15
Dodol Animation,aplikasi ini sangat bermanfaat sekali unt membantu situs yg tidak bisa di buka,5,2024-05-04 17:30:15
Kukuh Arif,koneksi lambat dan sulit memulai koneksi,1,2024-05-15 22:49:48
Chairul Ramdani,"sangat membantu, bahkan iklanpun tidak menggangu top lah",5,2024-05-03 08:01:59
Makhluk Mars,mantap lah aplikasinya dpt premium gratis 7 hari buat pengguna baru,5,2024-04-21 20:15:48
Alvin Vin,aplikasinya bagus bisa di andalkan untuk mencari situs situs yang diblokir oleh pusat,5,2024-04-21 01:03:42
El Brayen,"sangat mantap ni aplikasi, bisa membuka situs yg di blok",5,2024-04-07 22:40:25
To Sin,apl yg sangat bagus walaupun ada iklan,5,2024-05-07 01:08:12
Jajang Rohimat,mantap bisa buka segala yang tersembunyi gagal nya suka ilang sendiri,5,2024-04-18 11:48:51
Rifki Imansyah,lumayan cepat cuma sering gangguan,5,2024-06-12 20:15:07
Aska Alhakim,sangat bagus cocok untuk main game tapi tolong di perbaiki lagi karena kadang putus sendri mohon di perbaiki terimakasih,5,2024-03-20 17:42:09
Endhy Berlin pane,terkadang lagi asik nonton... mala macet gk mau muter lg film nya,5,2024-05-21 00:49:30
Hamzah massa,app yang bagus untuk semua situs yang di kunci bisa terbuka,5,2024-05-16 03:59:25
Sania Ifa,"apk ni keren bgt, sangqn berguna buat buka web yg tak terjangkau. tengkiyu",5,2024-05-03 23:58:46
Niko â€œNikkiâ€ Leon Star,bagus! bisa mendapati sinyal lebih cepat,4,2024-05-27 18:59:24
mas nolly,"sdh bagus, hanya terlalu banyak iklan",3,2024-04-25 23:06:54
Fiqta Marvarira,sederhana gampang di gunakan,5,2024-05-21 12:59:34
ian fian,"aplikasi yang bagus , asalkan tidak di patokan untuk berlangganan",3,2024-06-08 01:30:35
Muhamad Azis,mantap...tp iklan nya kurangin dong,5,2024-04-26 13:00:07
Syahlan Daud,sangat membantu dan appnya bekerja dengan baik.,5,2024-05-02 07:25:24
Herman Degoy,"aplikasi nya bgus cepat sngat suka, sngat bermnfaat aplikasi nya",5,2024-06-07 22:41:13
Dawiro Saputra,sangat baik untuk berbincang dan percakapan,5,2024-04-16 23:42:31
mustamin abdurahim,turbo vpn sangat membantu saya dalam menyaksikan tayangan secara gratis.,5,2024-06-12 16:05:05
Achmad Setyadi,4dulu baru mo nyoba kl bagus ane tambah kl jelek ane un instal,4,2024-04-30 22:57:42
tirigasbaek baso,apk sampah kenapa setiap kali gue pake selalu aja hp gue lemot ini ada virus nya apa enggak tolong di perbaiki,1,2024-04-09 15:52:39
Febi Aulia,sederhana dan gak ribet cara pakai nya,5,2024-06-10 02:26:37
Arif nurul hidayat Arif bule,turbo vpn emang apl yg luar biasa pokoke mantap bestieeee...,5,2024-05-01 21:20:51
Irfan Vanes,sejauh ini lumayan bagus untuk akses situs yg terblokir.. namun masih sedikit lamban. mohon kedepannya agar seperti kelinci yg lancar berlari..tks,4,2024-04-03 01:32:55
Aldhy Al Saputrah,mantap apk ini bisa membantu memperkuat jaringan,5,2024-05-29 04:51:30
Balang Ulu,saya da cukup lama mnggunsksn aplikasi ini sangat mmbantu kecepatan proses,5,2024-05-25 10:41:18
Rian Arteta,mantap app bagus.. yg di blok bisa ke buka semua,5,2024-04-25 08:44:08
la haula,"lancar jaya,cuma banyk iklan aja ribet",5,2024-06-12 19:36:16
Diky Dermawan,jangan banyakÂ² iklannya lah,5,2024-06-13 16:00:53
Rudy Nugroho,mintak tlng jaringannya di tingkatkan lagi,5,2024-06-15 15:58:39
Handi Rustiawan,"diantara vpn yang lain, ini adalah yang tercepat dan termudah",5,2024-06-14 22:29:30
Ilham Lalung,aplikasinya sangat bagus...dan jaringan internet nya juga bagus...,5,2024-06-15 05:55:41
Sumarna Ana,pantengin ama kuatin lg sinyalnya donk klo sinyalnya bagus lg bintang puuulll,3,2024-06-13 17:15:51
sindiarsita 18,apikasinya cukup menarik dan berguna sekali buat aku kalo kalian bagaimana???,5,2024-06-16 05:32:09
Suko Rianto,sangat mudah untuk digunakan sebagai alat untuk mbokeb,5,2024-06-14 14:16:35
Pradana Adek,tolong kdang putus koneksinya,5,2024-06-13 14:53:33
Azzalia Puri Divayanti M.,klo lagi ada keperluan buat web kampus yang e down pake ini jauh lebih cepet,5,2024-06-13 23:55:10
Joy Hendrik,sayang banyak iklannya,5,2024-06-12 23:29:04
Yunus Iyuy,tapi buat mengaut sinyal game kurang,5,2024-06-13 10:25:40
iwan Samsoon,aplikasi vpn yg bgus dan sngt mantul!!!!!,5,2024-06-15 23:08:46
Ahmad Fakih,mantap jaringan jadi bagus super cepat,5,2024-05-23 22:08:23
Agoes Jgerz,sangat bagus dan membantu sekali sudah lama juga memakai apk ini,5,2024-05-20 14:39:55
Syahputra Atmaja (Pak coka),"sudah bagus sesuai dgn keinginan saya,tqpi kalau bisa di perbagus lgi biar minjadi is the best untuk menjadi vpn terbaik.",5,2024-06-06 14:37:49
Aldy Fand,aplikasih turbo vpn.ini sangat'2 membantu saya dan mantap.,5,2024-06-01 22:42:15
Mar Tua,aplikasinya sangat releven dan tampa lelet,5,2024-05-19 20:47:26
Irfan Maulana,"dari dulu ,, delete ,download ,, terus delete download lagi , dikarenakan speak kapasitas hape saya lemot alias nanggung ,, tapi sekarang gak jadi masalah ,, aplikasi ini sajah yg sayah percaya no ngeluh no ngeleak",5,2024-04-11 19:57:47
Rizky Ananda,susah buat menyanbung ke vpnnya dan banyak sering tiba2 keluar,3,2024-05-19 15:21:44
Hery Purnomo,"sangat bagus, sayang iklan nya mengganggu",5,2024-05-01 01:20:13
frengki leimani,aplikasinya bagus karna loginnya cepat walau jaringannya lelet,5,2024-04-26 21:00:57
Satria Mustaqim,kren sangat membantu meningkatkan jaringan.,5,2024-05-21 22:15:19
Seven World,ampas kalo mau nambahin fitur mikir dulu apk rusak non fungsional,1,2024-04-11 23:50:53
edi supriyatno,sayangnya banyak iklannya,5,2024-06-05 15:41:07
Iqbal A.,aplikasi sangat membantu dari pada yang lainya karena tidak ada batasan waktu,5,2024-05-03 01:18:55
Rawan Rawan,sangat memuaskan dan anti lemotmantap donlot aplikasi ini kawan semuanya di jamin mantap dan tinggal ketik apa yang kalian mau langsung muncul mantapppp okeh kawan trimakasih,5,2024-02-25 07:58:00
Frendy Toboali,"sejauh ini mantap. klu bisa kcepatan nya,di tambah lagi",5,2024-05-04 21:44:03
Agha Iggy,banyak iklan loading lama,5,2024-05-29 10:29:49
Nir paeda,berfungsi dengan baik. dapat mengatasi masalah membuka website yang dibatasi dengan vpn,5,2024-05-21 08:15:35
abu maruapey,"aplikasinya bagus,sangat membantu dalam berselancar.",5,2024-05-11 23:28:30
Sabdo Dwi payana,perlu di perbaiki sering lemot,4,2024-05-28 19:45:48
Lina Ablo,"apk nya bagus cuy, jdi bisa buka web yg gk bisa kebuka jdi bisa ke buka",5,2024-05-21 00:45:17
Cakra Rakasiwi,bagus & terbukti cepat loading,4,2024-05-30 21:10:43
Syamil Karim,lumayan tapi kurang cepat kurang gercep gitu loh,5,2024-06-03 17:27:16
Imay,saya suka apk ini main game jd ga da gangguan.,5,2024-06-02 02:31:18
sugiantoro toro,vpn turbo yg aku pake saat ini sngtlah bgs cepat dan gk lelet good luck,5,2024-05-05 08:37:53
Pjuang Napkah,udah oke banget cuman banyak iklannyah,4,2024-06-09 20:23:18
Rohaeti ar,susah koneksi nya skrng knp ya makin menurun,3,2024-05-02 06:27:05
Ali. zain999,"lumayan baik, tetapibanyak iklannya",5,2024-04-18 20:47:06
sulung aditya,sekarang banyak iklan nya tiap buka langsung iklan,3,2024-04-09 04:18:25
Firman Arisandy,belum begitu tau tapi mudah-mudahan bagus kualitasnya,5,2024-05-02 22:19:03
Sidik Dik,sangat lancar gk lemot sukses sllu,5,2024-06-07 09:38:18
Nasri Ktg,awal nya downloadtan saya itu lemat setelah pakai vpn turbo sinyal makin cepat,1,2024-05-24 12:22:09
Oji Sarwaji94,"sekarang pvn terputus otomatis, padahal baru terhubung lalu terputus lagi",2,2024-06-12 08:48:37
nanang jaipong,lancar sih...tp server nya sedikit,5,2024-06-15 21:35:56
Agus Abadi,"kadang2 masih terjadi jeda, kurang lancar.",5,2024-06-06 13:08:07
Shakila Fauziyah,oke mantap bisa membantu link yang terblokir..jadi saya bisa buat nonton b...p ,5,2024-06-07 10:01:43
eggy ardiansyah,"terbantu sekali, tpi sayang loading mulu",3,2024-06-04 20:56:27
Sitinengdevi 09,bagus sekali dan cocok buat buka web yg tidak bisa di buka menjadi bisa,5,2024-06-11 05:38:10
Sugito Gito,aqu suka sekali appn ini sangat2 membatu hp qu trimakasih appn nya ...,5,2024-05-30 17:45:55
Sabardi Ferdi,sangat bagus dan lancar sayang gakbisa donload,5,2024-05-31 20:30:41
Dewi Puspa,mantap untuk daerah yg sinyalnya agak sulit,5,2024-06-02 06:58:19
Ahmad jaeni Indi,jaringan maksimal dan mantap,5,2024-06-08 17:57:13
ROHIM Abang,bagu kurang i iklan nya,5,2024-06-05 22:38:16
Wahid Sulaiman,oky beyarpun geratis banyak iklan,5,2024-06-08 00:59:45
Vi No,mantap bermanfaat bagi jaringan wifi yang ngeleg ngeleg dan hp ,3,2024-06-09 05:16:22
Norlian Syah,walaupun ada iklannya okelah,5,2024-06-08 19:02:11
Aries Ardiansyah,keren bisa jadi ada goodluck di hp samsung,5,2024-06-10 10:49:16
Iwaen lee Iwaen lee,saya suka aplikasi ini dan sangat membantu dalam meningkatkan kinerja,5,2024-06-07 16:25:35
Muhammad Alamsyah,kita sangat butuh aplikasi ini dan kita sangat membutuhkan nya,5,2024-06-13 23:44:12
Ramli Simatupang,simpel mudah dan membantu sip,5,2024-06-10 01:59:23
Phapy gerson,aplikasi ini menurut saya sangat bagus semata ke depan semakin sukses,5,2024-06-06 12:03:14
Alson Putra,sangat bagus aplikasi nya cepat dan aman,5,2024-05-29 23:19:49
Mas Afandi,enak banget sinyal nya keren abis,4,2024-05-30 05:46:26
Hetwig EnNaa,koneksi terlalu lambat,1,2024-05-31 13:29:57
Anthon Vinder sijabat (BapaEzra),"hmm ,masih yg ter cepat,",5,2024-06-04 16:32:52
Andi Wahyono,aplikasi ini sangat bagus mampu membuka aplikasi yang di blokir,5,2024-06-01 00:19:00
Farid Hidayat,ga bisa ke putar vidio yang di blok nya cuma bisa ke buka aja,3,2024-06-16 00:18:25
Ismail Mail,agar lebih cepat berperasi a.plikasih yg diingginkan,4,2024-06-01 19:42:59
Roni Ro,mantap apk nya lumayan bagus,5,2024-06-05 22:18:25
win tin,bagussss banyak iklan,5,2024-06-06 22:00:20
Openk Openk,sangat bagus cepat secepat nya mantaf,5,2024-05-31 20:42:41
Dwi Nuryani,ini baru mantap apks vpn.cepat dan tidak mengecewekan,5,2024-06-06 03:20:12
M Rizki Febriyanto,"overall oke, kendalanya belum ada sampai sekarang",5,2024-06-02 10:33:59
Nuri Aji,kami coba kasih bintang lima sapa tau servernya bagus terima kasih,5,2024-05-31 08:15:30
Nasution napaor,iklan byak sekali bosku tolong dulu diperbaikin ya kayak gituh aja deh saran saya,4,2024-05-13 08:28:47
Yapi Mendrofa,mudah untuk mengaplikasikan kan nya,5,2024-06-02 01:38:15
Van Putra,aplikasi x cukup bgus namun masi membingung kan,4,2024-06-11 02:58:58
Ras Di,bagus...? tingkatkan... untuk layanan standarnya dong...,5,2024-06-01 04:51:54
Tati melin,sangat bagus .dan puas dengan aplikasi ini .lancar,5,2024-06-06 21:58:31
hendy 1074,cepat dan mudah mengakses,5,2024-06-07 06:09:01
Mulyani,koneksi buruk padahal 4 baris sinyal,1,2024-06-08 16:29:04
Batman Riadi,aplikasi nya bagus bgt....membantu x .mksh turbo vpn,5,2024-05-29 13:30:16
Bahru Din,"lancar,,dengan baik,,joss",5,2024-06-12 12:45:15
Aku's Way,"alhamdullah lancar aplikasi ini buat ngebel di whatsapp, thank you.",5,2024-06-05 16:39:51
Parbo Suparno,semga lancar trus stabil aplikasi ini,5,2024-06-08 20:28:10
Andreyy Situmorang,knapa gk muncul iklan nya,4,2024-06-11 18:48:09
muryanto andri,sangat pulas dengan layanan ini,5,2024-06-05 21:32:23
Muhammad Nizam,apk ini burul saya kasih bintang 5 karna harus tapi kalo tidak di bintang 5 suka keluar sendiri,5,2024-06-10 15:38:13
Nurjanah Ade,aplikasi nya bagus . dulu thn 2010 sampe thn 2014 saya menggunakan ini . dn sekarang saya instal lagi .,5,2024-06-14 01:23:11
Ruswandi Wandi,sangat membantu buat membuka aplikasi yg sudah terblokir...,5,2024-05-31 01:31:39
Sonal Buulolo,mantap lebih cepat dan terbuka,5,2024-06-10 04:17:30
Ahmad Septi,cepat dan mantap,5,2024-06-12 06:40:43
Enda Setiawan,sangat sangat membantu lah bagi saya walau pengguna baru. bermanfaat juga,5,2024-06-10 18:07:42
Ahmad Jajam,semoga semakin membaik sinyalnya ya,5,2024-06-03 00:03:21
Yafet kak Yafet kak,aplikasi ini sangat keren layak untuk dimainkan guys ok,5,2024-06-04 17:14:38
Andi Angriana,coba dulu semoga hasilnya bagus & bintang tidak berkurang,5,2024-05-29 20:54:04
Danur Sulaeman,tolong di upgrade lg biar download nya cepat,5,2024-06-08 00:03:30
Elly Rosalina,"bagus,tapi kadang sangat lemot",5,2024-06-07 14:41:57
pani parselina,mantap pertahankan kalo bisa tingkatkan,5,2024-06-08 08:35:10
mmgs,kalau bukan karena aplikasi ini aku engga bisa baca komik .,5,2024-06-11 22:51:26
Sherenyta,"bagus buat login server lain ga lemot"" bgtt buat game",3,2024-06-06 05:15:32
"Julbahri Silitonga, SH",super lelet layak disebarkan supaya semua orang tau,2,2024-05-30 19:54:47
Amin Amiin,sangat baik dan tidak lelet,5,2024-06-09 02:10:59
Hilmi FR,"aplikasinya bagus...tolong ditingkatkan lagi,",5,2024-05-31 02:42:08
Ù„ÙŠÙ„Ø§ Ù„Ù‡,"terimakasih , alhamdulillah aplikasi ini bagus sangat membantu",5,2024-06-01 22:02:04
Dadan Saepudin,bagus klu bisa di lancar kan jangan terputus2 dong,5,2024-06-13 09:13:20
Joy TURTOL,"lumayan, lebih sering stop sendiri",5,2024-06-12 03:45:38
Lekha Apriandana,awalnya saya bingung tapi kelama lamaan saya sudah bisa,5,2024-06-05 16:44:40
Henry Pramono,aplikasi bagus perlu di coba,5,2024-06-03 01:08:01
GENDERUWO MALAM,lemot... jalan perhalaman mentok di 118kb... muter steaming jadi buffering twrus.. maaf saya prmain gratisan min....,2,2024-06-10 02:19:45
Fatina Agatha,terlalu banyak iklan,4,2024-06-10 08:10:35
Lintas Batas,sangat bagus dan lancar saat di gunakan,5,2024-04-10 20:56:52
Win Cahya,bagus sekali tapi jangan banyak iklan,5,2024-05-17 14:19:01
Aninda Lasty,vpn yg bagus bisa membantu membuka situs yg di blokir,5,2024-06-06 07:49:23
Khosyatillah,tidak tersambung padahal sinyal bagus,1,2024-05-02 20:10:51
Irvan Zaenuddin,"mayan sih , cuma agak lemot banyak iklan",3,2024-05-07 16:29:32
Anggara Wahyu79,"oke, kedepannya tolong di tingkatkan",5,2024-06-15 00:04:59
Alma Child,aku beri bintang penuh... pokoknya super mantap..kedepannya makin diperbaiki min ...,5,2024-06-04 20:14:59
Mentari Pagi,mantap cepet banget. sampe 2 gambar nya ilang..,5,2024-05-27 21:22:08
Jefry Belseran,"bagus, kalau bsa di tingkatkan lgi",4,2024-06-07 04:27:51
User Bypass,aplikasinya bagus!!bisa buka aplikasi yang susah untuk di buka,5,2024-06-07 16:06:28
Ayah Fathur,suka untuk memper cepat biar ga lemot,5,2024-05-28 07:15:52
Sastra Evendi,"sangat puas,, maksih turbo vpn,",5,2024-06-02 23:28:39
Val Rizki,"sumpah ni aplikasi kebanyakan iklan di nyalain muncul iklan, mau matiin juga iklan mulu. mana iklanya lama lama bgt",1,2024-02-27 23:04:05
Honor Of kingdom,buat akses game rada susah ya kalo bkn premium,5,2024-04-12 15:02:44
hendry7206 Family,"jaringan gak setabil setelah aku koreksi gak ada pengaruh peningkatan koneksi internet,maaf ya kaya secem.cuman bisa buka blokiran situs .",2,2024-02-02 21:15:41
Anggi Aditya,"untuk awal awal cukup bagus, gatau nanti kedepan nya",5,2024-04-13 07:11:04
Raja Syahrullah,sangat bagus dan sangat membantu saya kasih bintang 5 biar selalu menjadi pilihan terbaik,5,2024-05-21 02:15:45
Jozua Bawinto,pokoknya bagus sesuai fungsinya tidak sia sia kalian mau download ini apk pendukung ini sangat baik meski banyak iklan tapi bagusssss lahhh,5,2024-01-09 03:13:31
Asma Sahara,"sangat membantu, tapi juga merusak jaringan, atau memperlambat perangkat. mohon tingkatkan lagi server nya. makasih",5,2024-02-15 00:55:35
irwan kam,mantap pokoknya...iklan dikit,5,2024-05-31 01:37:19
asli palsu,"mantap dan cepat,sat set",5,2024-04-16 22:05:58
Setiandi Wardana,mantap aplikasinya sangat membantu mencari link yg tersembunyi mantap +,5,2024-05-03 14:39:13
Anna,"belum dicoba si,tpi semoga aja aplkny emang bagus,seperti yg orang orang bilang.makanya mau coba.",5,2024-06-10 22:01:58
Faqihudin Sidiq,sangat mudah dan cepat,4,2024-06-14 20:00:21
Rossi aden,"sangat membantu , semoga tidak mengecewakan karna banyak iklan",5,2024-04-13 20:18:45
Pengguna Google,"saya rasa ada bug di pembaharuan aplikasi atau tidak cocok dengan device saya, kecepatan penuh hanya pada 30 detik pertama setelah itu kecepatan sangat lambat, saya sudah coba beberapa jaringan beberapa operator tapi masalah tersebut tetap ada, kecepatan di 30 detik pertama 2mb/s- 4mb/s setelah itu rataÂ² 150kb/s terakhir bila saya gunakan turbo vpn saya harus conect diconect setiap 30 detik tolong diperbaiki, device saya realme 5pro.",1,2020-01-15 22:47:36
Maudy Amalia,"terlalu banyak iklan, kerjanya gak optomal",5,2024-05-25 17:50:36
Fathan Maulana,"untuk user vpn yg terlalu banyak mengeluh karena iklan, kusaranin gak usah download. namanya juga aplikasi pasti ada iklan. kalau gak mau ada iklan ya beli premium. gitu aja ribet. kalau mau ya bikin sendiri aja aplikasi yg lu mau. untuk developer, optimalkan lagi untuk bagian notifikasi, yaitu di notifikasi mengambang, itu saat udah ku close vpn nya notifikasi masih muncul, udah juga ku paksa berhenti tetap muncul notifikasi. thanks.",5,2023-08-22 21:55:23
email tika,"serius nanya yg pada review oke tuh gmn caranya sih? saya pake baru 2 hari emg & coba yg free trial. sebelum pake ini, saya pake aplikasi (n***vpn) dan semua lancaaaaar jaya! btw, saya pake vpn utk netflix aja. tapi knp pas pake turbovpn itu gak bisa ya? saya coba konek ke korea & jepang, eh netflix saya gak bisa masuk. lanjut coba konek ke mexico, singapore & aussie, bisa masuk netflixnya tapi pas mau klik film katanya ada kesalahan koneksi negaranya. intinya, gak kepake di netflix saya. sad",2,2022-07-27 13:48:26
Hafiz Hidayah,"banyak yg mengalami kendala? mungkin disebabkan dari area sinyal kalian yang tidak stabil, usahakan untuk menghubungkan ke jaringan vpn minimal 100kb p/s agar bisa terkoneksi dengan baik. saya pengguna lama merasa puas walaupun ada beberapa hal yang di alami seperti iklan terkadang berlangsung 3-4 iklan -_ tapi not bad semoga aja segera di perbaiki.",5,2020-08-17 19:55:05
Koeda 461,"easy to use,ui simpel,kenapa kok opsi protokolnya d hilangkan y...? pdhal klo kecepatan internetnya lambat dan saya ganti tipe protokolnya speednya kadang sedikit meningkat,untuk iklan tolong cukup sekali skip saja,jangan berulang2 karna kadang suka salah klik,dan tentu ada harga ada rupa,semoga k depannya koneksinya makin bagus dan stabil",4,2022-10-02 05:27:43
Zwen All,"sering terputus sendiri, banyak iklan (iklan banyak bukan masalah, yang penting cuan/uang yang dihasilkan dari iklan itu membantu mengembangkan apk ini ;-) , udah itu aja. kelebihan turbo vpn ini jaringan lancar di beberapa server mungkin dah itu aja <[^o^]>",5,2022-04-01 02:15:23
Pengguna Google,dalam jangkauan 4g kadang lemot dan videonya super lama..saya sudah menggunakan server tercepat tetap saja selalu ada iklan yg mengganggu atau video yg diputar agak lama...tolong diperbaiki ya...dan dri segi lainnya ok kok..terima kasih,4,2019-09-01 18:11:51
